ticker,year,sector,lobby,contracts,netbuy,members,cmt_trades,reg,fwd_exc
ICE,2020,Financial Services,1.38185,0.0,-29.6,3,0,218,-8.8
ICE,2021,Financial Services,1.166084,0.0,0.0,4,0,130,-5.7
ICE,2022,Financial Services,1.363146,0.0,0.03,3,0,159,0.9
ICE,2023,Financial Services,1.34658,0.0,0.07,5,0,152,-7.4
ICE,2024,Financial Services,1.761723,0.0,0.01,4,3,202,-7.8
ICE,2025,Financial Services,1.82233,0.0,0.03,5,2,102,-14.9
MNST,2020,Consumer Defensive,0.0,0.0,0.0,2,0,0,-24.9
MNST,2021,Consumer Defensive,0.0,0.0,0.0,0,0,0,23.9
MNST,2022,Consumer Defensive,0.0,0.0,0.02,3,0,0,-12.7
MNST,2023,Consumer Defensive,0.0,0.0,-14.59,3,0,0,-33.7
MNST,2024,Consumer Defensive,0.0,0.0,-0.02,3,0,0,28.2
MNST,2025,Consumer Defensive,0.0,0.0,-0.01,2,0,0,3.6
MSFT,2020,Technology,13.554,1912.46433356,-0.16,26,4,496,23.7
MSFT,2021,Technology,14.62,2062.02106448,-0.29,17,6,477,-9.8
MSFT,2022,Technology,23.27,2436.8739709899996,-2.89,8,6,398,32.0
MSFT,2023,Technology,12.762,2361.57006232,0.22,16,12,449,-12.0
MSFT,2024,Technology,13.439,2519.42323241,-0.0,18,7,475,-2.1
MSFT,2025,Technology,12.9425,1877.41359846,0.52,25,14,318,-22.7
GS,2020,Financial Services,4.832,34.4259956,-0.03,3,0,218,18.9
GS,2021,Financial Services,4.09,34.4259956,0.0,2,0,130,10.3
GS,2022,Financial Services,3.8,34.4259956,0.01,1,0,159,-10.3
GS,2023,Financial Services,6.43,34.4259956,0.03,3,0,152,27.1
GS,2024,Financial Services,4.18,34.4259956,-0.38,4,2,202,38.9
GS,2025,Financial Services,5.48,34.4259956,-3.14,12,5,102,4.3
AAPL,2020,Technology,10.27,0.0,-0.15,14,2,496,5.9
AAPL,2021,Technology,8.84,0.0,-0.46,11,5,477,-8.2
AAPL,2022,Technology,14.68,0.0,-0.36,12,5,398,22.8
AAPL,2023,Technology,13.94,0.0,-0.05,14,10,449,5.8
AAPL,2024,Technology,11.17,0.0,-0.42,17,6,475,-8.7
AAPL,2025,Technology,21.79,0.0,0.04,21,7,318,4.2
PYPL,2020,Financial Services,1.396903,0.0,0.04,6,0,218,-48.2
PYPL,2021,Financial Services,1.3875,0.0,-0.39,5,1,130,-44.1
PYPL,2022,Financial Services,1.989245,0.0,0.81,7,0,159,-40.0
PYPL,2023,Financial Services,2.367906,0.0,0.67,7,2,152,14.1
PYPL,2024,Financial Services,2.443,0.0,-0.15,2,2,202,-49.2
PYPL,2025,Financial Services,3.049,0.0,-0.09,12,4,102,-33.7
NFLX,2020,Communication Services,0.93,0.0,0.04,3,0,124,-17.3
NFLX,2021,Communication Services,0.97,0.0,0.03,3,0,143,-32.9
NFLX,2022,Communication Services,1.89,0.0,-0.18,4,0,95,38.9
NFLX,2023,Communication Services,2.01,0.0,3.03,2,0,110,58.2
NFLX,2024,Communication Services,2.48,0.0,0.01,4,0,129,-12.5
NFLX,2025,Communication Services,3.9,0.0,0.04,12,2,82,-15.1
V,2020,Financial Services,4.52,0.0,0.05,12,1,218,-29.0
V,2021,Financial Services,6.77,0.0,0.06,10,0,130,14.8
V,2022,Financial Services,18.15,0.0,3.06,5,0,159,0.1
V,2023,Financial Services,11.5,0.0,0.06,4,0,152,-2.6
V,2024,Financial Services,19.28,0.0,0.13,5,1,202,-6.0
V,2025,Financial Services,18.42,0.0,0.17,7,12,102,-15.5
NVDA,2020,Technology,0.0,0.0012,0.75,6,1,496,96.8
NVDA,2021,Technology,0.0,0.0,-0.77,6,1,477,-32.1
NVDA,2022,Technology,0.09,0.0,0.08,9,2,398,212.8
NVDA,2023,Technology,0.51,0.0,0.11,11,4,449,146.4
NVDA,2024,Technology,0.64,0.0,0.12,17,5,475,21.2
NVDA,2025,Technology,9.34,0.0,0.36,17,5,318,5.8
MDLZ,2020,Consumer Defensive,0.24,0.0,-0.24,2,0,0,-12.9
MDLZ,2021,Consumer Defensive,0.24,0.0,0.0,0,0,0,21.1
MDLZ,2022,Consumer Defensive,0.24,0.0,0.0,2,0,0,-15.0
MDLZ,2023,Consumer Defensive,0.24,0.0,-3.04,6,0,0,-40.2
MDLZ,2024,Consumer Defensive,0.12,0.0,-0.01,2,0,0,-24.7
MDLZ,2025,Consumer Defensive,0.3,0.0,-0.04,7,0,0,6.1
BSX,2020,Healthcare,1.7,19.35960625,-0.01,2,0,170,-10.6
BSX,2021,Healthcare,1.73,24.59805167,0.02,4,1,193,27.1
BSX,2022,Healthcare,1.8,30.20284315,0.0,2,0,205,-1.2
BSX,2023,Healthcare,1.8,34.83262747,0.03,3,2,168,29.6
BSX,2024,Healthcare,2.002,36.92522722,0.02,2,0,243,-11.0
BSX,2025,Healthcare,2.798,33.5646029,-2.95,7,2,193,-49.0
STX,2020,Technology,0.0,0.0,0.11,1,0,496,58.8
STX,2021,Technology,0.0,0.0,0.03,2,0,477,-33.2
STX,2022,Technology,0.0,0.0,-0.07,1,0,398,42.9
STX,2023,Technology,0.0,0.0,-0.01,1,1,449,-20.8
STX,2024,Technology,0.0,0.0,0.0,0,0,475,207.5
STX,2025,Technology,0.0,0.0,2.98,3,0,318,186.0
CDLX,2020,Communication Services,0.0,0.0,-2.82,1,0,124,-82.4
CDLX,2021,Communication Services,0.0,0.0,0.0,0,0,143,-73.1
CDLX,2022,Communication Services,0.0,0.0,0.0,0,0,95,33.2
CDLX,2023,Communication Services,0.0,0.0,0.0,0,0,110,-84.6
CDLX,2024,Communication Services,0.0,0.0,0.0,0,0,129,-86.7
CDLX,2025,Communication Services,0.0,0.0,0.0,0,0,82,-49.4
DDOG,2020,Technology,0.0,0.0,0.02,1,0,496,52.2
DDOG,2021,Technology,0.0,0.0,-3.04,2,0,477,-40.6
DDOG,2022,Technology,0.0,0.0,0.0,0,0,398,39.0
DDOG,2023,Technology,0.0,0.0,-0.01,1,0,449,-7.2
DDOG,2024,Technology,0.0,0.0,0.0,0,0,475,-22.5
DDOG,2025,Technology,0.0,0.0,-0.01,2,0,318,53.8
AMZN,2020,Consumer Cyclical,19.51,0.1283665,0.3,8,1,0,-26.4
AMZN,2021,Consumer Cyclical,30.71,0.09711381,-0.36,11,5,0,-31.4
AMZN,2022,Consumer Cyclical,22.105,0.04651082,0.11,6,0,0,54.7
AMZN,2023,Consumer Cyclical,20.55,0.033626340000000005,0.08,10,2,0,19.5
AMZN,2024,Consumer Cyclical,21.13,0.22843027,0.05,11,3,0,-12.5
AMZN,2025,Consumer Cyclical,24.985,0.46012843,0.5,21,7,0,5.7
CHTR,2020,Communication Services,0.0,0.0,0.01,1,1,124,-30.2
CHTR,2021,Communication Services,0.0,0.0,-0.01,1,1,143,-29.8
CHTR,2022,Communication Services,0.0,0.0,0.01,1,0,95,-11.6
CHTR,2023,Communication Services,0.0,0.0,0.0,0,0,110,-36.7
CHTR,2024,Communication Services,0.0,0.0,0.0,0,0,129,-56.8
CHTR,2025,Communication Services,0.0,0.0,0.01,1,0,82,-40.1
MDB,2020,Technology,0.0,0.0,0.0,0,0,496,18.7
MDB,2021,Technology,0.0,0.0,0.0,0,0,477,-44.6
MDB,2022,Technology,0.0,0.0,-0.01,1,0,398,81.5
MDB,2023,Technology,0.0,0.0,-2.99,1,0,449,-67.9
MDB,2024,Technology,0.0,0.0,-0.01,1,0,475,62.6
MDB,2025,Technology,0.0,0.0,0.02,1,0,318,-31.9
RUM,2021,Communication Services,0.0,0.0,0.0,0,0,143,-26.9
RUM,2022,Communication Services,0.0,0.0,0.0,0,0,95,-50.7
RUM,2023,Communication Services,0.0,0.0,0.0,0,0,110,164.9
RUM,2024,Communication Services,0.0,0.0,0.0,0,0,129,-69.1
RUM,2025,Communication Services,0.01,0.0,-3.0,1,0,82,20.1
FWONK,2020,Communication Services,0.0,0.0,0.01,1,0,124,19.7
FWONK,2021,Communication Services,0.0,0.0,0.0,0,0,143,12.7
FWONK,2022,Communication Services,0.0,0.0,-0.08,1,6,95,-17.0
FWONK,2023,Communication Services,0.0,0.0,-0.46,2,4,110,21.9
FWONK,2024,Communication Services,0.0,0.0,-0.2,1,4,129,-11.4
FWONK,2025,Communication Services,0.0,0.0,0.03,2,5,82,-19.7
TSLA,2020,Consumer Cyclical,0.7,21.087647219999997,0.02,4,0,0,21.0
TSLA,2021,Consumer Cyclical,0.858,23.255325199999998,-0.01,4,2,0,-46.9
TSLA,2022,Consumer Cyclical,1.17,31.40036047,-1.12,7,2,0,75.5
TSLA,2023,Consumer Cyclical,1.9,30.62203045,0.09,7,3,0,37.6
TSLA,2024,Consumer Cyclical,1.26,23.49121465,-0.1,6,11,0,-6.4
TSLA,2025,Consumer Cyclical,2.175162,23.6040988,0.19,8,15,0,-14.9
CVX,2020,Energy,8.23,413.90984633,0.35,7,0,519,17.5
CVX,2021,Energy,6.89,253.30948143999998,-0.43,4,1,484,76.6
CVX,2022,Energy,8.85,411.67804298000004,-0.01,4,0,467,-39.8
CVX,2023,Energy,8.51,391.46342985,0.26,10,7,417,-23.6
CVX,2024,Energy,9.81,224.64378164000001,-0.18,5,2,440,-7.6
CVX,2025,Energy,11.39,342.26309159000004,0.09,8,6,370,18.3
UNH,2020,Healthcare,0.0,0.0,-0.01,3,0,170,16.5
UNH,2021,Healthcare,0.0,0.0,-0.01,3,1,193,25.1
UNH,2022,Healthcare,0.0,0.0,0.06,6,3,205,-25.4
UNH,2023,Healthcare,0.0,0.0,-0.89,13,8,168,-27.3
UNH,2024,Healthcare,0.0,0.0,0.03,9,4,243,-50.9
UNH,2025,Healthcare,0.0,0.0,-0.42,20,9,193,9.0
LBRDK,2020,Communication Services,0.0,0.0,0.0,0,0,124,-27.0
LBRDK,2021,Communication Services,0.0,0.0,-0.14,1,2,143,-34.5
LBRDK,2022,Communication Services,0.0,0.0,-0.08,1,5,95,-20.5
LBRDK,2023,Communication Services,0.0,0.0,-0.03,2,1,110,-32.1
LBRDK,2024,Communication Services,0.0,0.0,0.0,0,0,129,-48.3
LBRDK,2025,Communication Services,0.0,0.0,-0.38,2,4,82,-39.8
INTC,2020,Technology,2.89,1753.35321028,-0.01,9,2,496,-22.7
INTC,2021,Technology,0.5,1751.33562596,0.0,9,1,477,-28.5
INTC,2022,Technology,8.068,1592.9080461199999,0.28,9,2,398,68.4
INTC,2023,Technology,9.36,1575.1794231,-0.18,7,2,449,-84.5
INTC,2024,Technology,9.745,1567.16593535,0.07,4,1,475,66.3
INTC,2025,Technology,5.893,1187.2082796,0.05,7,2,318,215.1
